{
  "featureNames": [
    "provenance_trust",
    "benford_conformity",
    "round_ratio",
    "duplicate_ratio",
    "gap_mean",
    "gap_variance",
    "merchant_entropy",
    "amount_mean_norm",
    "amount_cv"
  ],
  "weights": [
    -1.145022305651538,
    0.0895167503334684,
    1.4888115989551594,
    -0.01628522759309902,
    -0.3212104494909013,
    0.18624689075318873,
    0.35722639565789865,
    -0.3287025592325315,
    0.04633265316225312
  ],
  "bias": 0.2438091661062844,
  "featureMeans": [
    0.5689263901079541,
    0.6416283385189622,
    0.35367746384175447,
    0.0008027777777777766,
    0.18282583181685483,
    0.3684396019693007,
    0.8692143930220063,
    0.7439783252424049,
    0.9944736428797466
  ],
  "featureStds": [
    0.07547367254873391,
    0.09254912365681658,
    0.21244737124727123,
    0.005777830528605555,
    0.06916159895692871,
    0.21445304890638392,
    0.05731878898323779,
    0.2908224477370729,
    0.01950201721678942
  ]
}